family,genus,specificEpithet,species
Anemiaceae,Link,,
Anemiaceae,Anemia,Sw.,Anemia Sw.
Anemiaceae,Anemia,phyllitidis,Anemia phyllitidis
Anemiaceae,Anemia,raddiana,Anemia raddiana
Anemiaceae,Anemia,simplicior,Anemia simplicior
Anemiaceae,Anemia,tomentosa,Anemia tomentosa
Anemiaceae,Anemia,warmingii,Anemia warmingii
Aspleniaceae,Newman,,Newman 
Aspleniaceae,Asplenium,L.,Asplenium L.
Aspleniaceae,Asplenium,abscissum,Asplenium abscissum
Aspleniaceae,Asplenium,alatum,Asplenium alatum
Aspleniaceae,Asplenium,atlanticum,Asplenium atlanticum
Aspleniaceae,Asplenium,auriculatum,Asplenium auriculatum
Aspleniaceae,Asplenium,auritum,Asplenium auritum
Aspleniaceae,Asplenium,balansae,Asplenium balansae
Aspleniaceae,Asplenium,bradei,Asplenium bradei
Aspleniaceae,Asplenium,brasiliense,Asplenium brasiliense
Aspleniaceae,Asplenium,cirrhatum,Asplenium cirrhatum
Aspleniaceae,Asplenium,claussenii,Asplenium claussenii
Aspleniaceae,Asplenium,cristatum,Asplenium cristatum
Aspleniaceae,Asplenium,flabellulatum,Asplenium flabellulatum
Aspleniaceae,Asplenium,formosum,Asplenium formosum
Aspleniaceae,Asplenium,gastonis,Asplenium gastonis
Aspleniaceae,Asplenium,harpeodes,Asplenium harpeodes
Aspleniaceae,Asplenium,inaequilaterale,Asplenium inaequilaterale
Aspleniaceae,Asplenium,incurvatum,Asplenium incurvatum
Aspleniaceae,Asplenium,kunzeanum,Asplenium kunzeanum
Aspleniaceae,Asplenium,martianum,Asplenium martianum
Aspleniaceae,Asplenium,monanthes,Asplenium monanthes
Aspleniaceae,Asplenium,mucronatum,Asplenium mucronatum
Aspleniaceae,Asplenium,oligophyllum,Asplenium oligophyllum
Aspleniaceae,Asplenium,pseudonitidum,Asplenium pseudonitidum
Aspleniaceae,Asplenium,pulchellum,Asplenium pulchellum
Aspleniaceae,Asplenium,raddianum,Asplenium raddianum
Aspleniaceae,Asplenium,radicans,Asplenium radicans
Aspleniaceae,Asplenium,resiliens,Asplenium resiliens
Aspleniaceae,Asplenium,scandicinum,Asplenium scandicinum
Aspleniaceae,Asplenium,sellowianum,Asplenium sellowianum
Aspleniaceae,Asplenium,serra,Asplenium serra
Aspleniaceae,Asplenium,squamosum,Asplenium squamosum
Aspleniaceae,Asplenium,ulbrichtii,Asplenium ulbrichtii
Aspleniaceae,Asplenium,uniseriale,Asplenium uniseriale
Aspleniaceae,Hymenasplenium,Hayata,Hymenasplenium Hayata
Aspleniaceae,Hymenasplenium,triquetrum,Hymenasplenium triquetrum
Athyriaceae,Alston,,Alston 
Athyriaceae,Athyrium,Roth,Athyrium Roth
Athyriaceae,Athyrium,dombeyi,Athyrium dombeyi
Athyriaceae,Deparia,Hook.,Deparia Hook.
Athyriaceae,Deparia,petersenii,Deparia petersenii
Athyriaceae,Diplazium,Sw.,Diplazium Sw.
Athyriaceae,Diplazium,ambiguum,Diplazium ambiguum
Athyriaceae,Diplazium,asplenioides,Diplazium asplenioides
Athyriaceae,Diplazium,cristatum,Diplazium cristatum
Athyriaceae,Diplazium,herbaceum,Diplazium herbaceum
Athyriaceae,Diplazium,lindbergii,Diplazium lindbergii
Athyriaceae,Diplazium,plantaginifolium,Diplazium plantaginifolium
Athyriaceae,Diplazium,riedelianum,Diplazium riedelianum
Athyriaceae,Diplazium,rostratum,Diplazium rostratum
Athyriaceae,Diplazium,turgidum,Diplazium turgidum
Blechnaceae,Newman,,Newman 
Blechnaceae,Austroblechnum,Gasper,Austroblechnum Gasper
Blechnaceae,Austroblechnum,lehmannii,Austroblechnum lehmannii
Blechnaceae,Austroblechnum,penna-marina,Austroblechnum penna-marina
Blechnaceae,Austroblechnum,squamipes,Austroblechnum squamipes
Blechnaceae,Blechnum,L.,Blechnum L.
Blechnaceae,Blechnum,auriculatum,Blechnum auriculatum
Blechnaceae,Blechnum,austrobrasilianum,Blechnum austrobrasilianum
Blechnaceae,Blechnum,gracile,Blechnum gracile
Blechnaceae,Blechnum,laevigatum,Blechnum laevigatum
Blechnaceae,Blechnum,lanceola,Blechnum lanceola
Blechnaceae,Blechnum,occidentale,Blechnum occidentale
Blechnaceae,Blechnum,polypodioides,Blechnum polypodioides
Blechnaceae,Blechnum,xcaudatum,Blechnum xcaudatum
Blechnaceae,Blechnum,xleopoldense,Blechnum xleopoldense
Blechnaceae,Lomaria,Willd.,Lomaria Willd.
Blechnaceae,Lomaria,spannagelii,Lomaria spannagelii
Blechnaceae,Lomaridium,C.,Lomaridium C.
Blechnaceae,Lomaridium,plumieri,Lomaridium plumieri
Blechnaceae,Lomariocycas,(J.Sm.),Lomariocycas (J.Sm.)
Blechnaceae,Lomariocycas,schomburgkii,Lomariocycas schomburgkii
Blechnaceae,Neoblechnum,Gasper,Neoblechnum Gasper
Blechnaceae,Neoblechnum,brasiliense,Neoblechnum brasiliense
Blechnaceae,Parablechnum,C.Presl,Parablechnum C.Presl
Blechnaceae,Parablechnum,brasiliense,Parablechnum brasiliense
Blechnaceae,Parablechnum,cordatum,Parablechnum cordatum
Blechnaceae,Parablechnum,regnellianum,Parablechnum regnellianum
Blechnaceae,Parablechnum,usterianum,Parablechnum usterianum
Blechnaceae,Telmatoblechnum,"Perrie,","Telmatoblechnum Perrie,"
Blechnaceae,Telmatoblechnum,serrulatum,Telmatoblechnum serrulatum
Cyatheaceae,Kaulf.,,Kaulf. 
Cyatheaceae,Alsophila,R.Br.,Alsophila R.Br.
Cyatheaceae,Alsophila,capensis,Alsophila capensis
Cyatheaceae,Alsophila,setosa,Alsophila setosa
Cyatheaceae,Cyathea,J.Sm.,Cyathea J.Sm.
Cyatheaceae,Cyathea,atrovirens,Cyathea atrovirens
Cyatheaceae,Cyathea,corcovadensis,Cyathea corcovadensis
Cyatheaceae,Cyathea,delgadii,Cyathea delgadii
Cyatheaceae,Cyathea,phalerata,Cyathea phalerata
Cystopteridaceae,(Payer),Shmakov,(Payer) Shmakov
Cystopteridaceae,Cystopteris,Bernh.,Cystopteris Bernh.
Cystopteridaceae,Cystopteris,diaphana,Cystopteris diaphana
Dennstaedtiaceae,Lotsy,,Lotsy 
Dennstaedtiaceae,Dennstaedtia,Bernh.,Dennstaedtia Bernh.
Dennstaedtiaceae,Dennstaedtia,dissecta,Dennstaedtia dissecta
Dennstaedtiaceae,Histiopteris,J.Agardh,Histiopteris J.Agardh
Dennstaedtiaceae,Histiopteris,incisa,Histiopteris incisa
Dennstaedtiaceae,Hypolepis,Bernh.,Hypolepis Bernh.
Dennstaedtiaceae,Hypolepis,acantha,Hypolepis acantha
Dennstaedtiaceae,Hypolepis,mitis,Hypolepis mitis
Dennstaedtiaceae,Hypolepis,rugosula,Hypolepis rugosula
Dennstaedtiaceae,Hypolepis,stolonifera,Hypolepis stolonifera
Dennstaedtiaceae,Mucura,L.A.,Mucura L.A.
Dennstaedtiaceae,Mucura,tamandarei,Mucura tamandarei
Dennstaedtiaceae,Mucura,tenera,Mucura tenera
Dennstaedtiaceae,Pteridium,Gled.,Pteridium Gled.
Dennstaedtiaceae,Pteridium,esculentum,Pteridium esculentum
Dicksoniaceae,M.R.Schomb.,,M.R.Schomb. 
Dicksoniaceae,Dicksonia,L'Hér.,Dicksonia L'Hér.
Dicksoniaceae,Dicksonia,sellowiana,Dicksonia sellowiana
Dicksoniaceae,Lophosoria,C.Presl,Lophosoria C.Presl
Dicksoniaceae,Lophosoria,quadripinnata,Lophosoria quadripinnata
Didymochlaenaceae,Ching,ex,Ching ex
Didymochlaenaceae,Didymochlaena,Desv.,Didymochlaena Desv.
Didymochlaenaceae,Didymochlaena,pulcherrima,Didymochlaena pulcherrima
Dryopteridaceae,Herter,,Herter 
Dryopteridaceae,Bolbitis,Schott,Bolbitis Schott
Dryopteridaceae,Bolbitis,serratifolia,Bolbitis serratifolia
Dryopteridaceae,Ctenitis,(C.Chr.),Ctenitis (C.Chr.)
Dryopteridaceae,Ctenitis,abyssi,Ctenitis abyssi
Dryopteridaceae,Ctenitis,anniesii,Ctenitis anniesii
Dryopteridaceae,Ctenitis,falciculata,Ctenitis falciculata
Dryopteridaceae,Ctenitis,submarginalis,Ctenitis submarginalis
Dryopteridaceae,Dryopteris,Adans.,Dryopteris Adans.
Dryopteridaceae,Dryopteris,patula,Dryopteris patula
Dryopteridaceae,Dryopteris,wallichiana,Dryopteris wallichiana
Dryopteridaceae,Elaphoglossum,Schott,Elaphoglossum Schott
Dryopteridaceae,Elaphoglossum,beaurepairei,Elaphoglossum beaurepairei
Dryopteridaceae,Elaphoglossum,burchellii,Elaphoglossum burchellii
Dryopteridaceae,Elaphoglossum,dutrae,Elaphoglossum dutrae
Dryopteridaceae,Elaphoglossum,edwallii,Elaphoglossum edwallii
Dryopteridaceae,Elaphoglossum,gayanum,Elaphoglossum gayanum
Dryopteridaceae,Elaphoglossum,glaziovii,Elaphoglossum glaziovii
Dryopteridaceae,Elaphoglossum,hybridum,Elaphoglossum hybridum
Dryopteridaceae,Elaphoglossum,lagesianum,Elaphoglossum lagesianum
Dryopteridaceae,Elaphoglossum,lingua,Elaphoglossum lingua
Dryopteridaceae,Elaphoglossum,luridum,Elaphoglossum luridum
Dryopteridaceae,Elaphoglossum,macahense,Elaphoglossum macahense
Dryopteridaceae,Elaphoglossum,macrophyllum,Elaphoglossum macrophyllum
Dryopteridaceae,Elaphoglossum,pachydermum,Elaphoglossum pachydermum
Dryopteridaceae,Elaphoglossum,piloselloides,Elaphoglossum piloselloides
Dryopteridaceae,Elaphoglossum,ulei,Elaphoglossum ulei
Dryopteridaceae,Elaphoglossum,vagans,Elaphoglossum vagans
Dryopteridaceae,Lastreopsis,Ching,Lastreopsis Ching
Dryopteridaceae,Lastreopsis,amplissima,Lastreopsis amplissima
Dryopteridaceae,Megalastrum,Holttum,Megalastrum Holttum
Dryopteridaceae,Megalastrum,abundans,Megalastrum abundans
Dryopteridaceae,Megalastrum,adenopteris,Megalastrum adenopteris
Dryopteridaceae,Megalastrum,connexum,Megalastrum connexum
Dryopteridaceae,Megalastrum,crenulans,Megalastrum crenulans
Dryopteridaceae,Megalastrum,oreocharis,Megalastrum oreocharis
Dryopteridaceae,Mickelia,"R.C.Moran,","Mickelia R.C.Moran,"
Dryopteridaceae,Mickelia,scandens,Mickelia scandens
Dryopteridaceae,Olfersia,Raddi,Olfersia Raddi
Dryopteridaceae,Olfersia,cervina,Olfersia cervina
Dryopteridaceae,Parapolystichum,(Keyserl.),Parapolystichum (Keyserl.)
Dryopteridaceae,Parapolystichum,effusum,Parapolystichum effusum
Dryopteridaceae,Polybotrya,Willd.,Polybotrya Willd.
Dryopteridaceae,Polybotrya,cylindrica,Polybotrya cylindrica
Dryopteridaceae,Polystichum,Roth,Polystichum Roth
Dryopteridaceae,Polystichum,caudescens,Polystichum caudescens
Dryopteridaceae,Polystichum,laniceps,Polystichum laniceps
Dryopteridaceae,Polystichum,montevidense,Polystichum montevidense
Dryopteridaceae,Polystichum,opacum,Polystichum opacum
Dryopteridaceae,Polystichum,platylepis,Polystichum platylepis
Dryopteridaceae,Rumohra,Raddi,Rumohra Raddi
Dryopteridaceae,Rumohra,adiantiformis,Rumohra adiantiformis
Dryopteridaceae,Rumohra,quadrangularis,Rumohra quadrangularis
Equisetaceae,Michx.,ex,Michx. ex
Equisetaceae,Equisetum,L.,Equisetum L.
Equisetaceae,Equisetum,giganteum,Equisetum giganteum
Equisetaceae,Equisetum,hyemale,Equisetum hyemale
Gleicheniaceae,C.Presl,,C.Presl 
Gleicheniaceae,Dicranopteris,Bernh.,Dicranopteris Bernh.
Gleicheniaceae,Dicranopteris,flexuosa,Dicranopteris flexuosa
Gleicheniaceae,Dicranopteris,nervosa,Dicranopteris nervosa
Gleicheniaceae,Gleichenella,Ching,Gleichenella Ching
Gleicheniaceae,Gleichenella,pectinata,Gleichenella pectinata
Gleicheniaceae,Sticherus,C.Presl,Sticherus C.Presl
Gleicheniaceae,Sticherus,bifidus,Sticherus bifidus
Gleicheniaceae,Sticherus,lanuginosus,Sticherus lanuginosus
Gleicheniaceae,Sticherus,nigropaleaceus,Sticherus nigropaleaceus
Gleicheniaceae,Sticherus,pruinosus,Sticherus pruinosus
Hymenophyllaceae,Gaudich.,,Gaudich. 
Hymenophyllaceae,Abrodictyum,C.Presl,Abrodictyum C.Presl
Hymenophyllaceae,Abrodictyum,rigidum,Abrodictyum rigidum
Hymenophyllaceae,Crepidomanes,(C.Presl),Crepidomanes (C.Presl)
Hymenophyllaceae,Crepidomanes,pyxidiferum,Crepidomanes pyxidiferum
Hymenophyllaceae,Didymoglossum,Desv.,Didymoglossum Desv.
Hymenophyllaceae,Didymoglossum,hymenoides,Didymoglossum hymenoides
Hymenophyllaceae,Didymoglossum,krausii,Didymoglossum krausii
Hymenophyllaceae,Didymoglossum,ovale,Didymoglossum ovale
Hymenophyllaceae,Didymoglossum,reptans,Didymoglossum reptans
Hymenophyllaceae,Hymenophyllum,J.,Hymenophyllum J.
Hymenophyllaceae,Hymenophyllum,asplenioides,Hymenophyllum asplenioides
Hymenophyllaceae,Hymenophyllum,caudiculatum,Hymenophyllum caudiculatum
Hymenophyllaceae,Hymenophyllum,crispum,Hymenophyllum crispum
Hymenophyllaceae,Hymenophyllum,delicatulum,Hymenophyllum delicatulum
Hymenophyllaceae,Hymenophyllum,fragile,Hymenophyllum fragile
Hymenophyllaceae,Hymenophyllum,fucoides,Hymenophyllum fucoides
Hymenophyllaceae,Hymenophyllum,hirsutum,Hymenophyllum hirsutum
Hymenophyllaceae,Hymenophyllum,magellanicum,Hymenophyllum magellanicum
Hymenophyllaceae,Hymenophyllum,megachilum,Hymenophyllum megachilum
Hymenophyllaceae,Hymenophyllum,pulchellum,Hymenophyllum pulchellum
Hymenophyllaceae,Hymenophyllum,rufum,Hymenophyllum rufum
Hymenophyllaceae,Hymenophyllum,sturmii,Hymenophyllum sturmii
Hymenophyllaceae,Hymenophyllum,undulatum,Hymenophyllum undulatum
Hymenophyllaceae,Hymenophyllum,venustum,Hymenophyllum venustum
Hymenophyllaceae,Hymenophyllum,vestitum,Hymenophyllum vestitum
Hymenophyllaceae,Polyphlebium,Copel.,Polyphlebium Copel.
Hymenophyllaceae,Polyphlebium,angustatum,Polyphlebium angustatum
Hymenophyllaceae,Polyphlebium,hymenophylloides,Polyphlebium hymenophylloides
Hymenophyllaceae,Trichomanes,L.,Trichomanes L.
Hymenophyllaceae,Trichomanes,anadromum,Trichomanes anadromum
Hymenophyllaceae,Trichomanes,cristatum,Trichomanes cristatum
Hymenophyllaceae,Trichomanes,pilosum,Trichomanes pilosum
Hymenophyllaceae,Trichomanes,polypodioides,Trichomanes polypodioides
Hymenophyllaceae,Vandenboschia,Copel.,Vandenboschia Copel.
Hymenophyllaceae,Vandenboschia,radicans,Vandenboschia radicans
Hymenophyllaceae,Vandenboschia,rupestris,Vandenboschia rupestris
Isoetaceae,Rchb.f.,,Rchb.f. 
Isoetaceae,Isoetes,L.,Isoetes L.
Isoetaceae,Isoetes,brasiliensis,Isoetes brasiliensis
Isoetaceae,Isoetes,fuscomarginata,Isoetes fuscomarginata
Isoetaceae,Isoetes,maxima,Isoetes maxima
Isoetaceae,Isoetes,mourabaptistae,Isoetes mourabaptistae
Isoetaceae,Isoetes,naipiana,Isoetes naipiana
Isoetaceae,Isoetes,ramboi,Isoetes ramboi
Isoetaceae,Isoetes,sehnemii,Isoetes sehnemii
Isoetaceae,Isoetes,smithii,Isoetes smithii
Isoetaceae,Isoetes,weberi,Isoetes weberi
Lindsaeaceae,C.Presl,,C.Presl 
Lindsaeaceae,Lindsaea,Pic.Serm.,Lindsaea Pic.Serm.
Lindsaeaceae,Lindsaea,botrychioides,Lindsaea botrychioides
Lindsaeaceae,Lindsaea,lancea,Lindsaea lancea
Lindsaeaceae,Lindsaea,quadrangularis,Lindsaea quadrangularis
Lindsaeaceae,Lindsaea,stricta,Lindsaea stricta
Lindsaeaceae,Lindsaea,virescens,Lindsaea virescens
Lomariopsidaceae,Alston,,Alston 
Lomariopsidaceae,Lomariopsis,Fée,Lomariopsis Fée
Lomariopsidaceae,Lomariopsis,marginata,Lomariopsis marginata
Lycopodiaceae,Mirb.,,Mirb. 
Lycopodiaceae,Austrolycopodium,Holub,Austrolycopodium Holub
Lycopodiaceae,Austrolycopodium,erectum,Austrolycopodium erectum
Lycopodiaceae,Diphasiastrum,Holub,Diphasiastrum Holub
Lycopodiaceae,Diphasiastrum,thyoides,Diphasiastrum thyoides
Lycopodiaceae,Diphasium,Presl,Diphasium Presl
Lycopodiaceae,Diphasium,jussiaei,Diphasium jussiaei
Lycopodiaceae,Lycopodiella,Holub,Lycopodiella Holub
Lycopodiaceae,Lycopodiella,duseniana,Lycopodiella duseniana
Lycopodiaceae,Lycopodiella,geometra,Lycopodiella geometra
Lycopodiaceae,Lycopodiella,longipes,Lycopodiella longipes
Lycopodiaceae,Lycopodiella,tupiana,Lycopodiella tupiana
Lycopodiaceae,Lycopodium,L.,Lycopodium L.
Lycopodiaceae,Lycopodium,clavatum,Lycopodium clavatum
Lycopodiaceae,Palhinhaea,Franco,Palhinhaea Franco
Lycopodiaceae,Palhinhaea,cernua,Palhinhaea cernua
Lycopodiaceae,Phlegmariurus,(Herter),Phlegmariurus (Herter)
Lycopodiaceae,Phlegmariurus,acerosus,Phlegmariurus acerosus
Lycopodiaceae,Phlegmariurus,christii,Phlegmariurus christii
Lycopodiaceae,Phlegmariurus,comans,Phlegmariurus comans
Lycopodiaceae,Phlegmariurus,fontinaloides,Phlegmariurus fontinaloides
Lycopodiaceae,Phlegmariurus,heterocarpon,Phlegmariurus heterocarpon
Lycopodiaceae,Phlegmariurus,hexastichus,Phlegmariurus hexastichus
Lycopodiaceae,Phlegmariurus,loefgrenianus,Phlegmariurus loefgrenianus
Lycopodiaceae,Phlegmariurus,mandiocanus,Phlegmariurus mandiocanus
Lycopodiaceae,Phlegmariurus,quadrifariatus,Phlegmariurus quadrifariatus
Lycopodiaceae,Phlegmariurus,reflexus,Phlegmariurus reflexus
Lycopodiaceae,Pseudolycopodiella,Holub,Pseudolycopodiella Holub
Lycopodiaceae,Pseudolycopodiella,carnosa,Pseudolycopodiella carnosa
Lycopodiaceae,Pseudolycopodiella,meridionalis,Pseudolycopodiella meridionalis
Lygodiaceae,M.Roem.,,M.Roem. 
Lygodiaceae,Lygodium,Sw.,Lygodium Sw.
Lygodiaceae,Lygodium,volubile,Lygodium volubile
Marattiaceae,Kaulf.,,Kaulf. 
Marattiaceae,Danaea,Sm.,Danaea Sm.
Marattiaceae,Danaea,moritziana,Danaea moritziana
Marattiaceae,Eupodium,J.Sm.,Eupodium J.Sm.
Marattiaceae,Eupodium,kaulfussii,Eupodium kaulfussii
Marattiaceae,Marattia,Kaulf.,Marattia Kaulf.
Marattiaceae,Marattia,cicutifolia,Marattia cicutifolia
Marsileaceae,Mirb.,,Mirb. 
Marsileaceae,Marsilea,L.,Marsilea L.
Marsileaceae,Marsilea,ancylopoda,Marsilea ancylopoda
Marsileaceae,Pilularia,L.,Pilularia L.
Marsileaceae,Pilularia,americana,Pilularia americana
Marsileaceae,Regnellidium,Lindm.,Regnellidium Lindm.
Marsileaceae,Regnellidium,diphyllum,Regnellidium diphyllum
Nephrolepidaceae,Pic.,Serm.,Pic. Serm.
Nephrolepidaceae,Nephrolepis,Schott,Nephrolepis Schott
Nephrolepidaceae,Nephrolepis,biserrata,Nephrolepis biserrata
Nephrolepidaceae,Nephrolepis,cordifolia,Nephrolepis cordifolia
Nephrolepidaceae,Nephrolepis,exaltata,Nephrolepis exaltata
Nephrolepidaceae,Nephrolepis,pectinata,Nephrolepis pectinata
Nephrolepidaceae,Nephrolepis,pendula,Nephrolepis pendula
Nephrolepidaceae,Nephrolepis,rivularis,Nephrolepis rivularis
Ophioglossaceae,Martinov,,Martinov 
Ophioglossaceae,Botrypus,Michx.,Botrypus Michx.
Ophioglossaceae,Botrypus,virginianus,Botrypus virginianus
Ophioglossaceae,Cheiroglossa,C.Presl,Cheiroglossa C.Presl
Ophioglossaceae,Cheiroglossa,palmata,Cheiroglossa palmata
Ophioglossaceae,Ophioglossum,L.,Ophioglossum L.
Ophioglossaceae,Ophioglossum,crotalophoroides,Ophioglossum crotalophoroides
Ophioglossaceae,Ophioglossum,nudicaule,Ophioglossum nudicaule
Ophioglossaceae,Ophioglossum,reticulatum,Ophioglossum reticulatum
Osmundaceae,Martinov,,Martinov 
Osmundaceae,Osmunda,L.,Osmunda L.
Osmundaceae,Osmunda,spectabilis,Osmunda spectabilis
Osmundaceae,Osmundastrum,C.Presl,Osmundastrum C.Presl
Osmundaceae,Osmundastrum,cinnamomeum,Osmundastrum cinnamomeum
Plagiogyriaceae,Bower,,Bower 
Plagiogyriaceae,Plagiogyria,(Kunze),Plagiogyria (Kunze)
Plagiogyriaceae,Plagiogyria,fialhoi,Plagiogyria fialhoi
Polypodiaceae,J.Presl,,J.Presl 
Polypodiaceae,Campyloneurum,C.Presl,Campyloneurum C.Presl
Polypodiaceae,Campyloneurum,aglaolepis,Campyloneurum aglaolepis
Polypodiaceae,Campyloneurum,angustifolium,Campyloneurum angustifolium
Polypodiaceae,Campyloneurum,atlanticum,Campyloneurum atlanticum
Polypodiaceae,Campyloneurum,austrobrasilianum,Campyloneurum austrobrasilianum
Polypodiaceae,Campyloneurum,crispum,Campyloneurum crispum
Polypodiaceae,Campyloneurum,fallax,Campyloneurum fallax
Polypodiaceae,Campyloneurum,lapathifolium,Campyloneurum lapathifolium
Polypodiaceae,Campyloneurum,nitidum,Campyloneurum nitidum
Polypodiaceae,Campyloneurum,rigidum,Campyloneurum rigidum
Polypodiaceae,Ceradenia,L.E.Bishop,Ceradenia L.E.Bishop
Polypodiaceae,Ceradenia,albidula,Ceradenia albidula
Polypodiaceae,Cochlidium,Kaulf.,Cochlidium Kaulf.
Polypodiaceae,Cochlidium,serrulatum,Cochlidium serrulatum
Polypodiaceae,Lellingeria,A.R.,Lellingeria A.R.
Polypodiaceae,Lellingeria,brevistipes,Lellingeria brevistipes
Polypodiaceae,Lellingeria,itatimensis,Lellingeria itatimensis
Polypodiaceae,Leucotrichum,Labiak,Leucotrichum Labiak
Polypodiaceae,Leucotrichum,organense,Leucotrichum organense
Polypodiaceae,Leucotrichum,schenckii,Leucotrichum schenckii
Polypodiaceae,Microgramma,C.Presl,Microgramma C.Presl
Polypodiaceae,Microgramma,percussa,Microgramma percussa
Polypodiaceae,Microgramma,squamulosa,Microgramma squamulosa
Polypodiaceae,Microgramma,tecta,Microgramma tecta
Polypodiaceae,Microgramma,vacciniifolia,Microgramma vacciniifolia
Polypodiaceae,Moranopteris,R.Y.,Moranopteris R.Y.
Polypodiaceae,Moranopteris,achilleifolia,Moranopteris achilleifolia
Polypodiaceae,Niphidium,J.Sm.,Niphidium J.Sm.
Polypodiaceae,Niphidium,crassifolium,Niphidium crassifolium
Polypodiaceae,Niphidium,rufosquamatum,Niphidium rufosquamatum
Polypodiaceae,Pecluma,M.G.Price,Pecluma M.G.Price
Polypodiaceae,Pecluma,chnoophora,Pecluma chnoophora
Polypodiaceae,Pecluma,filicula,Pecluma filicula
Polypodiaceae,Pecluma,paradiseae,Pecluma paradiseae
Polypodiaceae,Pecluma,pectinatiformis,Pecluma pectinatiformis
Polypodiaceae,Pecluma,recurvata,Pecluma recurvata
Polypodiaceae,Pecluma,robusta,Pecluma robusta
Polypodiaceae,Pecluma,sicca,Pecluma sicca
Polypodiaceae,Pecluma,singeri,Pecluma singeri
Polypodiaceae,Pecluma,truncorum,Pecluma truncorum
Polypodiaceae,Phlebodium,(R.Br.),Phlebodium (R.Br.)
Polypodiaceae,Phlebodium,aureum,Phlebodium aureum
Polypodiaceae,Phlebodium,decumanum,Phlebodium decumanum
Polypodiaceae,Phlebodium,pseudoaureum,Phlebodium pseudoaureum
Polypodiaceae,Pleopeltis,Humb.,Pleopeltis Humb.
Polypodiaceae,Pleopeltis,astrolepis,Pleopeltis astrolepis
Polypodiaceae,Pleopeltis,hirsutissima,Pleopeltis hirsutissima
Polypodiaceae,Pleopeltis,lepidopteris,Pleopeltis lepidopteris
Polypodiaceae,Pleopeltis,macrocarpa,Pleopeltis macrocarpa
Polypodiaceae,Pleopeltis,minima,Pleopeltis minima
Polypodiaceae,Pleopeltis,pleopeltidis,Pleopeltis pleopeltidis
Polypodiaceae,Pleopeltis,pleopeltifolia,Pleopeltis pleopeltifolia
Polypodiaceae,Serpocaulon,A.R.Sm.,Serpocaulon A.R.Sm.
Polypodiaceae,Serpocaulon,catharinae,Serpocaulon catharinae
Polypodiaceae,Serpocaulon,laetum,Serpocaulon laetum
Polypodiaceae,Serpocaulon,latipes,Serpocaulon latipes
Polypodiaceae,Serpocaulon,menisciifolium,Serpocaulon menisciifolium
Polypodiaceae,Serpocaulon,triseriale,Serpocaulon triseriale
Polypodiaceae,Serpocaulon,vacillans,Serpocaulon vacillans
Polypodiaceae,Zygophlebia,L.E.Bishop,Zygophlebia L.E.Bishop
Polypodiaceae,Zygophlebia,longipilosa,Zygophlebia longipilosa
Psilotaceae,J.W.Griff.,,J.W.Griff. 
Psilotaceae,Psilotum,Sw.,Psilotum Sw.
Psilotaceae,Psilotum,nudum,Psilotum nudum
Pteridaceae,E.D.M.Kirchn.,,E.D.M.Kirchn. 
Pteridaceae,Acrostichum,L.,Acrostichum L.
Pteridaceae,Acrostichum,danaeifolium,Acrostichum danaeifolium
Pteridaceae,Adiantopsis,Fée,Adiantopsis Fée
Pteridaceae,Adiantopsis,cheilanthoides,Adiantopsis cheilanthoides
Pteridaceae,Adiantopsis,chlorophylla,Adiantopsis chlorophylla
Pteridaceae,Adiantopsis,dichotoma,Adiantopsis dichotoma
Pteridaceae,Adiantopsis,occulta,Adiantopsis occulta
Pteridaceae,Adiantopsis,perfasciculata,Adiantopsis perfasciculata
Pteridaceae,Adiantopsis,radiata,Adiantopsis radiata
Pteridaceae,Adiantopsis,regularis,Adiantopsis regularis
Pteridaceae,Adiantopsis,xaustralopedata,Adiantopsis xaustralopedata
Pteridaceae,Adiantum,L.,Adiantum L.
Pteridaceae,Adiantum,capillus-veneris,Adiantum capillus-veneris
Pteridaceae,Adiantum,digitatum,Adiantum digitatum
Pteridaceae,Adiantum,latifolium,Adiantum latifolium
Pteridaceae,Adiantum,pentadactylon,Adiantum pentadactylon
Pteridaceae,Adiantum,poiretii,Adiantum poiretii
Pteridaceae,Adiantum,pseudotinctum,Adiantum pseudotinctum
Pteridaceae,Adiantum,raddianum,Adiantum raddianum
Pteridaceae,Anogramma,Link,Anogramma Link
Pteridaceae,Anogramma,lorentzii,Anogramma lorentzii
Pteridaceae,Ceratopteris,Brongn.,Ceratopteris Brongn.
Pteridaceae,Ceratopteris,pteridoides,Ceratopteris pteridoides
Pteridaceae,Cheilanthes,Sw.,Cheilanthes Sw.
Pteridaceae,Cheilanthes,hieronymi,Cheilanthes hieronymi
Pteridaceae,Cheilanthes,juergensii,Cheilanthes juergensii
Pteridaceae,Cheilanthes,micropteris,Cheilanthes micropteris
Pteridaceae,Doryopteris,J.,Doryopteris J.
Pteridaceae,Doryopteris,collina,Doryopteris collina
Pteridaceae,Doryopteris,concolor,Doryopteris concolor
Pteridaceae,Doryopteris,juergensii,Doryopteris juergensii
Pteridaceae,Doryopteris,lorentzii,Doryopteris lorentzii
Pteridaceae,Doryopteris,nobilis,Doryopteris nobilis
Pteridaceae,Doryopteris,patula,Doryopteris patula
Pteridaceae,Doryopteris,pentagona,Doryopteris pentagona
Pteridaceae,Doryopteris,raddiana,Doryopteris raddiana
Pteridaceae,Doryopteris,rivalis,Doryopteris rivalis
Pteridaceae,Doryopteris,sagittifolia,Doryopteris sagittifolia
Pteridaceae,Doryopteris,stierii,Doryopteris stierii
Pteridaceae,Doryopteris,triphylla,Doryopteris triphylla
Pteridaceae,Doryopteris,varians,Doryopteris varians
Pteridaceae,Hemionitis,L.,Hemionitis L.
Pteridaceae,Hemionitis,tomentosa,Hemionitis tomentosa
Pteridaceae,Jamesonia,Hook.,Jamesonia Hook.
Pteridaceae,Jamesonia,osteniana,Jamesonia osteniana
Pteridaceae,Lytoneuron,(Klotzsch),Lytoneuron (Klotzsch)
Pteridaceae,Lytoneuron,lomariaceum,Lytoneuron lomariaceum
Pteridaceae,Pityrogramma,Link,Pityrogramma Link
Pteridaceae,Pityrogramma,calomelanos,Pityrogramma calomelanos
Pteridaceae,Pityrogramma,chaerophylla,Pityrogramma chaerophylla
Pteridaceae,Pityrogramma,trifoliata,Pityrogramma trifoliata
Pteridaceae,Polytaenium,Desv.,Polytaenium Desv.
Pteridaceae,Polytaenium,lineatum,Polytaenium lineatum
Pteridaceae,Pteris,L.,Pteris L.
Pteridaceae,Pteris,altissima,Pteris altissima
Pteridaceae,Pteris,brasiliensis,Pteris brasiliensis
Pteridaceae,Pteris,decurrens,Pteris decurrens
Pteridaceae,Pteris,deflexa,Pteris deflexa
Pteridaceae,Pteris,denticulata,Pteris denticulata
Pteridaceae,Pteris,propinqua,Pteris propinqua
Pteridaceae,Pteris,quadriaurita,Pteris quadriaurita
Pteridaceae,Pteris,sericea,Pteris sericea
Pteridaceae,Pteris,splendens,Pteris splendens
Pteridaceae,Pteris,vittata,Pteris vittata
Pteridaceae,Tryonia,"Schuettp.,","Tryonia Schuettp.,"
Pteridaceae,Tryonia,areniticola,Tryonia areniticola
Pteridaceae,Tryonia,myriophylla,Tryonia myriophylla
Pteridaceae,Vittaria,Sm.,Vittaria Sm.
Pteridaceae,Vittaria,graminifolia,Vittaria graminifolia
Pteridaceae,Vittaria,lineata,Vittaria lineata
Pteridaceae,Vittaria,scabrida,Vittaria scabrida
Salviniaceae,Martinov,,Martinov 
Salviniaceae,Azolla,Lam.,Azolla Lam.
Salviniaceae,Azolla,caroliniana,Azolla caroliniana
Salviniaceae,Azolla,filiculoides,Azolla filiculoides
Salviniaceae,Salvinia,Ség.,Salvinia Ség.
Salviniaceae,Salvinia,auriculata,Salvinia auriculata
Salviniaceae,Salvinia,biloba,Salvinia biloba
Salviniaceae,Salvinia,herzogii,Salvinia herzogii
Salviniaceae,Salvinia,minima,Salvinia minima
Salviniaceae,Salvinia,molesta,Salvinia molesta
Schizaeaceae,Kaulf.,,Kaulf. 
Schizaeaceae,Actinostachys,Wall.,Actinostachys Wall.
Schizaeaceae,Actinostachys,pennula,Actinostachys pennula
Schizaeaceae,Schizaea,Sm.,Schizaea Sm.
Schizaeaceae,Schizaea,elegans,Schizaea elegans
Selaginellaceae,Willk.,,Willk. 
Selaginellaceae,Selaginella,P.Beauv.,Selaginella P.Beauv.
Selaginellaceae,Selaginella,decomposita,Selaginella decomposita
Selaginellaceae,Selaginella,kraussiana,Selaginella kraussiana
Selaginellaceae,Selaginella,marginata,Selaginella marginata
Selaginellaceae,Selaginella,microphylla,Selaginella microphylla
Selaginellaceae,Selaginella,muscosa,Selaginella muscosa
Selaginellaceae,Selaginella,sellowii,Selaginella sellowii
Selaginellaceae,Selaginella,sulcata,Selaginella sulcata
Selaginellaceae,Selaginella,tenuissima,Selaginella tenuissima
Tectariaceae,Panigrahi,,Panigrahi 
Tectariaceae,Tectaria,Cav.,Tectaria Cav.
Tectariaceae,Tectaria,incisa,Tectaria incisa
Thelypteridaceae,Pic.Serm.,,Pic.Serm. 
Thelypteridaceae,Amauropelta,Kunze,Amauropelta Kunze
Thelypteridaceae,Amauropelta,amambayensis,Amauropelta amambayensis
Thelypteridaceae,Amauropelta,burkartii,Amauropelta burkartii
Thelypteridaceae,Amauropelta,decurtata,Amauropelta decurtata
Thelypteridaceae,Amauropelta,juergensii,Amauropelta juergensii
Thelypteridaceae,Amauropelta,metteniana,Amauropelta metteniana
Thelypteridaceae,Amauropelta,opposita,Amauropelta opposita
Thelypteridaceae,Amauropelta,pachyrhachis,Amauropelta pachyrhachis
Thelypteridaceae,Amauropelta,podotricha,Amauropelta podotricha
Thelypteridaceae,Amauropelta,ptarmica,Amauropelta ptarmica
Thelypteridaceae,Amauropelta,raddii,Amauropelta raddii
Thelypteridaceae,Amauropelta,recumbens,Amauropelta recumbens
Thelypteridaceae,Amauropelta,regnelliana,Amauropelta regnelliana
Thelypteridaceae,Amauropelta,retusa,Amauropelta retusa
Thelypteridaceae,Amauropelta,rivularioides,Amauropelta rivularioides
Thelypteridaceae,Amauropelta,stierii,Amauropelta stierii
Thelypteridaceae,Amauropelta,tenerrima,Amauropelta tenerrima
Thelypteridaceae,Christella,H.Lév.,Christella H.Lév.
Thelypteridaceae,Christella,conspersa,Christella conspersa
Thelypteridaceae,Christella,dentata,Christella dentata
Thelypteridaceae,Christella,hispidula,Christella hispidula
Thelypteridaceae,Cyclosorus,Link,Cyclosorus Link
Thelypteridaceae,Cyclosorus,interruptus,Cyclosorus interruptus
Thelypteridaceae,Goniopteris,C.,Goniopteris C.
Thelypteridaceae,Goniopteris,burkartii,Goniopteris burkartii
Thelypteridaceae,Goniopteris,riograndensis,Goniopteris riograndensis
Thelypteridaceae,Goniopteris,scabra,Goniopteris scabra
Thelypteridaceae,Macrothelypteris,(H.Ito),Macrothelypteris (H.Ito)
Thelypteridaceae,Macrothelypteris,torresiana,Macrothelypteris torresiana
Thelypteridaceae,Pelazoneuron,(Holttum),Pelazoneuron (Holttum)
Thelypteridaceae,Pelazoneuron,patens,Pelazoneuron patens
Woodsiaceae,Herter,,Herter 
Woodsiaceae,Woodsia,Spreng.,Woodsia Spreng.
Woodsiaceae,Woodsia,montevidensis,Woodsia montevidensis
